Keypress	RT
f	1.08392212253
j	1.0825593369
